<?xml version="1.0" encoding="UTF-8" standalone="no"?>
<!DOCTYPE map SYSTEM "http://java.sun.com/dtd/preferences.dtd">
<map MAP_XML_VERSION="1.0">
  <entry key="ParamFilter_Value Blacklist_Enabled" value="true"/>
  <entry key="ParamFilter_Value Length Range_Enabled" value="true"/>
  <entry key="ParamTransformer_Base64 Decode_Enabled" value="true"/>
  <entry key="ParamTransformer_Base64 Encode_Enabled" value="true"/>
  <entry key="ParamTransformer_HTML Escape_Enabled" value="true"/>
  <entry key="ParamTransformer_HTML Unescape_Enabled" value="true"/>
  <entry key="ParamTransformer_Hex Encode_Enabled" value="true"/>
  <entry key="ParamTransformer_Json Escape_Enabled" value="true"/>
  <entry key="ParamTransformer_Json Unescape_Enabled" value="true"/>
  <entry key="ParamTransformer_URL Decode_Enabled" value="true"/>
  <entry key="ParamTransformer_URL Encode_Enabled" value="true"/>
  <entry key="ParamTransformer_XML Escape_Enabled" value="true"/>
  <entry key="ParamTransformer_XML Unescape_Enabled" value="true"/>
  <entry key="autoimportproxyhistory" value="false"/>
  <entry key="colorfilters" value="{&quot;2add8ace-b652-416a-af08-4d78c5d22bc7&quot;:{&quot;uid&quot;:&quot;2add8ace-b652-416a-af08-4d78c5d22bc7&quot;,&quot;filter&quot;:{&quot;filter&quot;:&quot;Request.Complete \u003d\u003d false&quot;},&quot;filterString&quot;:&quot;Request.Complete \u003d\u003d False&quot;,&quot;backgroundColor&quot;:{&quot;value&quot;:-16777216,&quot;falpha&quot;:0.0},&quot;foregroundColor&quot;:{&quot;value&quot;:-65536,&quot;falpha&quot;:0.0},&quot;enabled&quot;:true,&quot;modified&quot;:false,&quot;shouldRetest&quot;:true,&quot;priority&quot;:1}}"/>
  <entry key="columnsVersion" value="6"/>
  <entry key="elasticAutostartGlobal" value="false"/>
  <entry key="enabled" value="true"/>
  <entry key="esAddress" value="&quot;127.0.0.1&quot;"/>
  <entry key="esApiKeyId" value="&quot;&quot;"/>
  <entry key="esApiKeySecret" value="&quot;&quot;"/>
  <entry key="esAuth" value="&quot;Basic&quot;"/>
  <entry key="esClusterName" value="&quot;elasticsearch&quot;"/>
  <entry key="esDelay" value="120"/>
  <entry key="esFilter" value="&quot;&quot;"/>
  <entry key="esIndex" value="&quot;logger&quot;"/>
  <entry key="esPassword" value="&quot;&quot;"/>
  <entry key="esPort" value="9200"/>
  <entry key="esProto" value="&quot;HTTP&quot;"/>
  <entry key="esUsername" value="&quot;&quot;"/>
  <entry key="filterHistory" value="[]"/>
  <entry key="grepHistory" value="[]"/>
  <entry key="layout" value="&quot;VERTICAL&quot;"/>
  <entry key="lengthMaxFilter" value="999"/>
  <entry key="lengthMinFilter" value="3"/>
  <entry key="logLevel" value="{&quot;name&quot;:&quot;INFO&quot;,&quot;intLevel&quot;:400,&quot;standardLevel&quot;:&quot;INFO&quot;}"/>
  <entry key="logToConsole" value="false"/>
  <entry key="logextender" value="true"/>
  <entry key="logglobal" value="true"/>
  <entry key="logintruder" value="true"/>
  <entry key="logproxy" value="true"/>
  <entry key="logrepeater" value="true"/>
  <entry key="logscanner" value="true"/>
  <entry key="logsequencer" value="true"/>
  <entry key="logspider" value="true"/>
  <entry key="logtargettab" value="true"/>
  <entry key="maxRespBodySize" value="10"/>
  <entry key="maximumentries" value="1000000"/>
  <entry key="msgviewlayout" value="&quot;HORIZONTAL&quot;"/>
  <entry key="otherToolLiveLogging" value="true"/>
  <entry key="parameterValueBlacklist" value="[&quot;0&quot;,&quot;1&quot;,&quot;true&quot;,&quot;false&quot;]"/>
  <entry key="previousElasticFields" value="[]"/>
  <entry key="previousExportFields" value="[]"/>
  <entry key="responsetimeout" value="60"/>
  <entry key="restricttoscope" value="false"/>
  <entry key="savedFieldSelections" value="{}"/>
  <entry key="savedfilters" value="[]"/>
  <entry key="searchthreads" value="5"/>
  <entry key="sortcolumn" value="-1"/>
  <entry key="sortorder" value="&quot;UNSORTED&quot;"/>
  <entry key="tabledetailsjson" value="[{&quot;id&quot;:&quot;Entry.Number&quot;,&quot;order&quot;:0,&quot;name&quot;:&quot;Number&quot;,&quot;defaultVisibleName&quot;:&quot;#&quot;,&quot;visibleName&quot;:&quot;#&quot;,&quot;preferredWidth&quot;:65,&quot;readonly&quot;:true,&quot;visible&quot;:true,&quot;description&quot;:&quot;Item table number. Not valid for filter use.&quot;},{&quot;id&quot;:&quot;Entry.Tags&quot;,&quot;order&quot;:1,&quot;name&quot;:&quot;Tags&quot;,&quot;defaultVisibleName&quot;:&quot;Tags&quot;,&quot;visibleName&quot;:&quot;Tags&quot;,&quot;preferredWidth&quot;:100,&quot;readonly&quot;:true,&quot;visible&quot;:true,&quot;description&quot;:&quot;The configured tags for which this entry match.&quot;},{&quot;id&quot;:&quot;Request.Complete&quot;,&quot;order&quot;:2,&quot;name&quot;:&quot;Complete&quot;,&quot;defaultVisibleName&quot;:&quot;Complete&quot;,&quot;visibleName&quot;:&quot;Complete&quot;,&quot;preferredWidth&quot;:80,&quot;readonly&quot;:true,&quot;visible&quot;:true,&quot;description&quot;:&quot;Has a response been received?&quot;},{&quot;id&quot;:&quot;Entry.Tool&quot;,&quot;order&quot;:3,&quot;name&quot;:&quot;Tool&quot;,&quot;defaultVisibleName&quot;:&quot;Tool&quot;,&quot;visibleName&quot;:&quot;Tool&quot;,&quot;preferredWidth&quot;:70,&quot;readonly&quot;:true,&quot;visible&quot;:true,&quot;description&quot;:&quot;Originating tool name. Extension generated requests will be displayed as \&quot;Extender\&quot;.&quot;},{&quot;id&quot;:&quot;Request.IsSSL&quot;,&quot;order&quot;:4,&quot;name&quot;:&quot;IsSSL&quot;,&quot;defaultVisibleName&quot;:&quot;SSL&quot;,&quot;visibleName&quot;:&quot;SSL&quot;,&quot;preferredWidth&quot;:50,&quot;readonly&quot;:true,&quot;visible&quot;:false,&quot;description&quot;:&quot;Did the request use SSL?&quot;},{&quot;id&quot;:&quot;Request.Method&quot;,&quot;order&quot;:5,&quot;name&quot;:&quot;Method&quot;,&quot;defaultVisibleName&quot;:&quot;Method&quot;,&quot;visibleName&quot;:&quot;Method&quot;,&quot;preferredWidth&quot;:65,&quot;readonly&quot;:true,&quot;visible&quot;:true,&quot;description&quot;:&quot;The request method used.&quot;},{&quot;id&quot;:&quot;Request.Protocol&quot;,&quot;order&quot;:6,&quot;name&quot;:&quot;Protocol&quot;,&quot;defaultVisibleName&quot;:&quot;Protocol&quot;,&quot;visibleName&quot;:&quot;Protocol&quot;,&quot;preferredWidth&quot;:80,&quot;readonly&quot;:true,&quot;visible&quot;:false,&quot;description&quot;:&quot;The protocol component of the requested URL.&quot;},{&quot;id&quot;:&quot;Request.Hostname&quot;,&quot;order&quot;:7,&quot;name&quot;:&quot;Hostname&quot;,&quot;defaultVisibleName&quot;:&quot;Host Name&quot;,&quot;visibleName&quot;:&quot;Host Name&quot;,&quot;preferredWidth&quot;:150,&quot;readonly&quot;:true,&quot;visible&quot;:false,&quot;description&quot;:&quot;The hostname component of the requested URL.&quot;},{&quot;id&quot;:&quot;Request.Port&quot;,&quot;order&quot;:8,&quot;name&quot;:&quot;TargetPort&quot;,&quot;defaultVisibleName&quot;:&quot;Port&quot;,&quot;visibleName&quot;:&quot;Port&quot;,&quot;preferredWidth&quot;:50,&quot;readonly&quot;:true,&quot;visible&quot;:false,&quot;description&quot;:&quot;The port the request was sent to.&quot;},{&quot;id&quot;:&quot;Request.Host&quot;,&quot;order&quot;:9,&quot;name&quot;:&quot;Host&quot;,&quot;defaultVisibleName&quot;:&quot;Host&quot;,&quot;visibleName&quot;:&quot;Host&quot;,&quot;preferredWidth&quot;:150,&quot;readonly&quot;:true,&quot;visible&quot;:true,&quot;description&quot;:&quot;The protocol and hostname of the requested URL.&quot;},{&quot;id&quot;:&quot;Request.Path&quot;,&quot;order&quot;:10,&quot;name&quot;:&quot;Path&quot;,&quot;defaultVisibleName&quot;:&quot;Path&quot;,&quot;visibleName&quot;:&quot;Path&quot;,&quot;preferredWidth&quot;:250,&quot;readonly&quot;:true,&quot;visible&quot;:true,&quot;description&quot;:&quot;The path component of the requested URL.&quot;},{&quot;id&quot;:&quot;Request.Extension&quot;,&quot;order&quot;:11,&quot;name&quot;:&quot;UrlExtension&quot;,&quot;defaultVisibleName&quot;:&quot;Extension&quot;,&quot;visibleName&quot;:&quot;Extension&quot;,&quot;preferredWidth&quot;:70,&quot;readonly&quot;:true,&quot;visible&quot;:false,&quot;description&quot;:&quot;The URL extension used in the request.&quot;},{&quot;id&quot;:&quot;Request.Query&quot;,&quot;order&quot;:12,&quot;name&quot;:&quot;Query&quot;,&quot;defaultVisibleName&quot;:&quot;Query&quot;,&quot;visibleName&quot;:&quot;Query&quot;,&quot;preferredWidth&quot;:250,&quot;readonly&quot;:true,&quot;visible&quot;:true,&quot;description&quot;:&quot;The query parameters of the requested URL.&quot;},{&quot;id&quot;:&quot;Request.URL&quot;,&quot;order&quot;:13,&quot;name&quot;:&quot;Url&quot;,&quot;defaultVisibleName&quot;:&quot;URL&quot;,&quot;visibleName&quot;:&quot;URL&quot;,&quot;preferredWidth&quot;:250,&quot;readonly&quot;:true,&quot;visible&quot;:false,&quot;description&quot;:&quot;The entire URL of the request.&quot;},{&quot;id&quot;:&quot;Request.HasParams&quot;,&quot;order&quot;:14,&quot;name&quot;:&quot;Has Params&quot;,&quot;defaultVisibleName&quot;:&quot;Has Params&quot;,&quot;visibleName&quot;:&quot;Has Params&quot;,&quot;preferredWidth&quot;:75,&quot;readonly&quot;:true,&quot;visible&quot;:false,&quot;description&quot;:&quot;Did the request contain parameters?&quot;},{&quot;id&quot;:&quot;Response.Status&quot;,&quot;order&quot;:15,&quot;name&quot;:&quot;Status&quot;,&quot;defaultVisibleName&quot;:&quot;Status&quot;,&quot;visibleName&quot;:&quot;Status&quot;,&quot;preferredWidth&quot;:55,&quot;readonly&quot;:true,&quot;visible&quot;:true,&quot;description&quot;:&quot;The status code received in the response.&quot;},{&quot;id&quot;:&quot;Response.Title&quot;,&quot;order&quot;:16,&quot;name&quot;:&quot;Title&quot;,&quot;defaultVisibleName&quot;:&quot;Title&quot;,&quot;visibleName&quot;:&quot;Title&quot;,&quot;preferredWidth&quot;:100,&quot;readonly&quot;:true,&quot;visible&quot;:true,&quot;description&quot;:&quot;The HTTP response title.&quot;},{&quot;id&quot;:&quot;Request.Length&quot;,&quot;order&quot;:17,&quot;name&quot;:&quot;RequestLength&quot;,&quot;defaultVisibleName&quot;:&quot;Request Length&quot;,&quot;visibleName&quot;:&quot;Request Length&quot;,&quot;preferredWidth&quot;:150,&quot;readonly&quot;:true,&quot;visible&quot;:false,&quot;description&quot;:&quot;The length of the received request.&quot;},{&quot;id&quot;:&quot;Response.Length&quot;,&quot;order&quot;:18,&quot;name&quot;:&quot;ResponseLength&quot;,&quot;defaultVisibleName&quot;:&quot;Response Length&quot;,&quot;visibleName&quot;:&quot;Response Length&quot;,&quot;preferredWidth&quot;:125,&quot;readonly&quot;:true,&quot;visible&quot;:true,&quot;description&quot;:&quot;The length of the received response.&quot;},{&quot;id&quot;:&quot;Response.InferredType&quot;,&quot;order&quot;:19,&quot;name&quot;:&quot;InferredType&quot;,&quot;defaultVisibleName&quot;:&quot;Inferred Type&quot;,&quot;visibleName&quot;:&quot;Inferred Type&quot;,&quot;preferredWidth&quot;:100,&quot;readonly&quot;:true,&quot;visible&quot;:true,&quot;description&quot;:&quot;The type inferred by the response content.&quot;},{&quot;id&quot;:&quot;Request.Comment&quot;,&quot;order&quot;:20,&quot;name&quot;:&quot;Comment&quot;,&quot;defaultVisibleName&quot;:&quot;Comment&quot;,&quot;visibleName&quot;:&quot;Comment&quot;,&quot;preferredWidth&quot;:200,&quot;readonly&quot;:false,&quot;visible&quot;:true,&quot;description&quot;:&quot;Comments set on the entry.&quot;},{&quot;id&quot;:&quot;Request.ParameterCount&quot;,&quot;order&quot;:21,&quot;name&quot;:&quot;ParameterCount&quot;,&quot;defaultVisibleName&quot;:&quot;Parameter Count&quot;,&quot;visibleName&quot;:&quot;Parameter Count&quot;,&quot;preferredWidth&quot;:150,&quot;readonly&quot;:true,&quot;visible&quot;:true,&quot;description&quot;:&quot;The number of parameters in the request.&quot;},{&quot;id&quot;:&quot;Request.Parameters&quot;,&quot;order&quot;:22,&quot;name&quot;:&quot;Parameters&quot;,&quot;defaultVisibleName&quot;:&quot;Parameters&quot;,&quot;visibleName&quot;:&quot;Parameters&quot;,&quot;preferredWidth&quot;:150,&quot;readonly&quot;:true,&quot;visible&quot;:false,&quot;description&quot;:&quot;The parameters in the request.&quot;},{&quot;id&quot;:&quot;Response.ReflectedParams&quot;,&quot;order&quot;:23,&quot;name&quot;:&quot;ReflectedParams&quot;,&quot;defaultVisibleName&quot;:&quot;Reflected Params&quot;,&quot;visibleName&quot;:&quot;Reflected Params&quot;,&quot;preferredWidth&quot;:150,&quot;readonly&quot;:true,&quot;visible&quot;:true,&quot;description&quot;:&quot;Values reflected in the response&quot;},{&quot;id&quot;:&quot;Response.Reflections&quot;,&quot;order&quot;:24,&quot;name&quot;:&quot;ReflectionCount&quot;,&quot;defaultVisibleName&quot;:&quot;Reflection Count&quot;,&quot;visibleName&quot;:&quot;Reflection Count&quot;,&quot;preferredWidth&quot;:150,&quot;readonly&quot;:true,&quot;visible&quot;:false,&quot;description&quot;:&quot;Number of values reflected in the response&quot;},{&quot;id&quot;:&quot;Response.MimeType&quot;,&quot;order&quot;:25,&quot;name&quot;:&quot;MimeType&quot;,&quot;defaultVisibleName&quot;:&quot;MIME type&quot;,&quot;visibleName&quot;:&quot;MIME type&quot;,&quot;preferredWidth&quot;:100,&quot;readonly&quot;:true,&quot;visible&quot;:false,&quot;description&quot;:&quot;The mime-type stated by the server.&quot;},{&quot;id&quot;:&quot;Response.Cookies&quot;,&quot;order&quot;:26,&quot;name&quot;:&quot;NewCookies&quot;,&quot;defaultVisibleName&quot;:&quot;New Cookies&quot;,&quot;visibleName&quot;:&quot;New Cookies&quot;,&quot;preferredWidth&quot;:125,&quot;readonly&quot;:true,&quot;visible&quot;:true,&quot;description&quot;:&quot;The new cookies sent by the server&quot;},{&quot;id&quot;:&quot;Request.Time&quot;,&quot;order&quot;:27,&quot;name&quot;:&quot;RequestTime&quot;,&quot;defaultVisibleName&quot;:&quot;Request Time&quot;,&quot;visibleName&quot;:&quot;Request Time&quot;,&quot;preferredWidth&quot;:150,&quot;readonly&quot;:true,&quot;visible&quot;:true,&quot;description&quot;:&quot;Date and time of inital request (as received by L++).&quot;},{&quot;id&quot;:&quot;Response.Time&quot;,&quot;order&quot;:28,&quot;name&quot;:&quot;ResponseTime&quot;,&quot;defaultVisibleName&quot;:&quot;Response Time&quot;,&quot;visibleName&quot;:&quot;Response Time&quot;,&quot;preferredWidth&quot;:150,&quot;readonly&quot;:true,&quot;visible&quot;:true,&quot;description&quot;:&quot;Date and time of receiving the response (as received by L++).&quot;},{&quot;id&quot;:&quot;Response.hash&quot;,&quot;order&quot;:29,&quot;name&quot;:&quot;ResponseHash&quot;,&quot;defaultVisibleName&quot;:&quot;Response Hash&quot;,&quot;visibleName&quot;:&quot;Response Hash&quot;,&quot;preferredWidth&quot;:150,&quot;readonly&quot;:true,&quot;visible&quot;:false,&quot;description&quot;:&quot;SHA1 Hash of the response&quot;},{&quot;id&quot;:&quot;Response.RTT&quot;,&quot;order&quot;:30,&quot;name&quot;:&quot;RTT&quot;,&quot;defaultVisibleName&quot;:&quot;RTT (ms)&quot;,&quot;visibleName&quot;:&quot;RTT (ms)&quot;,&quot;preferredWidth&quot;:100,&quot;readonly&quot;:true,&quot;visible&quot;:true,&quot;description&quot;:&quot;The round trip time (as calculated by L++, not 100% accurate).&quot;},{&quot;id&quot;:&quot;Entry.ListenInterface&quot;,&quot;order&quot;:31,&quot;name&quot;:&quot;ListenerInterface&quot;,&quot;defaultVisibleName&quot;:&quot;Proxy Listener Interface&quot;,&quot;visibleName&quot;:&quot;Proxy Listener Interface&quot;,&quot;preferredWidth&quot;:150,&quot;readonly&quot;:true,&quot;visible&quot;:true,&quot;description&quot;:&quot;The interface the proxied message was delivered to.&quot;},{&quot;id&quot;:&quot;Entry.ClientIP&quot;,&quot;order&quot;:32,&quot;name&quot;:&quot;ClientIP&quot;,&quot;defaultVisibleName&quot;:&quot;Proxy Client IP&quot;,&quot;visibleName&quot;:&quot;Proxy Client IP&quot;,&quot;preferredWidth&quot;:150,&quot;readonly&quot;:true,&quot;visible&quot;:false,&quot;description&quot;:&quot;The requesting client IP address.&quot;},{&quot;id&quot;:&quot;Response.ContentType&quot;,&quot;order&quot;:33,&quot;name&quot;:&quot;ResponseContentType&quot;,&quot;defaultVisibleName&quot;:&quot;Response Content-Type&quot;,&quot;visibleName&quot;:&quot;Response Content-Type&quot;,&quot;preferredWidth&quot;:150,&quot;readonly&quot;:true,&quot;visible&quot;:false,&quot;description&quot;:&quot;The content-type header sent by the server.&quot;},{&quot;id&quot;:&quot;Request.HasGetParam&quot;,&quot;order&quot;:34,&quot;name&quot;:&quot;HasQueryStringParam&quot;,&quot;defaultVisibleName&quot;:&quot;Query String?&quot;,&quot;visibleName&quot;:&quot;Query String?&quot;,&quot;preferredWidth&quot;:50,&quot;readonly&quot;:true,&quot;visible&quot;:false,&quot;description&quot;:&quot;Did the request contain get parameters?&quot;},{&quot;id&quot;:&quot;Request.HasPostParam&quot;,&quot;order&quot;:35,&quot;name&quot;:&quot;HasBodyParam&quot;,&quot;defaultVisibleName&quot;:&quot;Body Params?&quot;,&quot;visibleName&quot;:&quot;Body Params?&quot;,&quot;preferredWidth&quot;:50,&quot;readonly&quot;:true,&quot;visible&quot;:false,&quot;description&quot;:&quot;Did the request contain post parameters?&quot;},{&quot;id&quot;:&quot;Request.HasSentCookies&quot;,&quot;order&quot;:36,&quot;name&quot;:&quot;HasCookieParam&quot;,&quot;defaultVisibleName&quot;:&quot;Sent C"/>
  <entry key="tabledetailsjson_1" value="ookie?&quot;,&quot;visibleName&quot;:&quot;Sent Cookie?&quot;,&quot;preferredWidth&quot;:50,&quot;readonly&quot;:true,&quot;visible&quot;:false,&quot;description&quot;:&quot;Did the request contain cookies?&quot;},{&quot;id&quot;:&quot;Request.CookieString&quot;,&quot;order&quot;:37,&quot;name&quot;:&quot;SentCookies&quot;,&quot;defaultVisibleName&quot;:&quot;Sent Cookies&quot;,&quot;visibleName&quot;:&quot;Sent Cookies&quot;,&quot;preferredWidth&quot;:150,&quot;readonly&quot;:true,&quot;visible&quot;:false,&quot;description&quot;:&quot;The value of the cookies header sent to the server.&quot;},{&quot;id&quot;:&quot;Request.UsesCookieJar&quot;,&quot;order&quot;:38,&quot;name&quot;:&quot;UsesCookieJar&quot;,&quot;defaultVisibleName&quot;:&quot;Contains cookie jar?&quot;,&quot;visibleName&quot;:&quot;Contains cookie jar?&quot;,&quot;preferredWidth&quot;:150,&quot;readonly&quot;:true,&quot;visible&quot;:false,&quot;description&quot;:&quot;Compares the cookies with the cookie jar to see if any of them are in use.&quot;},{&quot;id&quot;:&quot;Request.ContentType&quot;,&quot;order&quot;:39,&quot;name&quot;:&quot;RequestContentType&quot;,&quot;defaultVisibleName&quot;:&quot;Request Content Type&quot;,&quot;visibleName&quot;:&quot;Request Type&quot;,&quot;preferredWidth&quot;:150,&quot;readonly&quot;:true,&quot;visible&quot;:false,&quot;description&quot;:&quot;The content-type header sent to the server.&quot;},{&quot;id&quot;:&quot;Request.Referrer&quot;,&quot;order&quot;:40,&quot;name&quot;:&quot;Referrer&quot;,&quot;defaultVisibleName&quot;:&quot;Referrer&quot;,&quot;visibleName&quot;:&quot;Referrer&quot;,&quot;preferredWidth&quot;:250,&quot;readonly&quot;:true,&quot;visible&quot;:false,&quot;description&quot;:&quot;The referrer header value of the request.&quot;},{&quot;id&quot;:&quot;Response.Redirect&quot;,&quot;order&quot;:41,&quot;name&quot;:&quot;Redirect&quot;,&quot;defaultVisibleName&quot;:&quot;Redirect&quot;,&quot;visibleName&quot;:&quot;Redirect&quot;,&quot;preferredWidth&quot;:250,&quot;readonly&quot;:true,&quot;visible&quot;:false,&quot;description&quot;:&quot;The URL the response redirects to.&quot;},{&quot;id&quot;:&quot;Response.HasSetCookies&quot;,&quot;order&quot;:42,&quot;name&quot;:&quot;HasSetCookies&quot;,&quot;defaultVisibleName&quot;:&quot;Set-Cookie?&quot;,&quot;visibleName&quot;:&quot;Set-Cookie?&quot;,&quot;preferredWidth&quot;:50,&quot;readonly&quot;:true,&quot;visible&quot;:false,&quot;description&quot;:&quot;Did the response set cookies?&quot;},{&quot;id&quot;:&quot;Request.Body&quot;,&quot;order&quot;:43,&quot;name&quot;:&quot;Request&quot;,&quot;defaultVisibleName&quot;:&quot;Request Body&quot;,&quot;visibleName&quot;:&quot;Request Body&quot;,&quot;preferredWidth&quot;:150,&quot;readonly&quot;:true,&quot;visible&quot;:false,&quot;description&quot;:&quot;The request body.&quot;},{&quot;id&quot;:&quot;Request.Headers&quot;,&quot;order&quot;:44,&quot;name&quot;:&quot;RequestHeaders&quot;,&quot;defaultVisibleName&quot;:&quot;Request Headers&quot;,&quot;visibleName&quot;:&quot;Request Headers&quot;,&quot;preferredWidth&quot;:150,&quot;readonly&quot;:true,&quot;visible&quot;:false,&quot;description&quot;:&quot;The request line and associated headers.&quot;},{&quot;id&quot;:&quot;Response.Body&quot;,&quot;order&quot;:45,&quot;name&quot;:&quot;Response&quot;,&quot;defaultVisibleName&quot;:&quot;Response Body&quot;,&quot;visibleName&quot;:&quot;Response Body&quot;,&quot;preferredWidth&quot;:150,&quot;readonly&quot;:true,&quot;visible&quot;:false,&quot;description&quot;:&quot;The response body.&quot;},{&quot;id&quot;:&quot;Response.Headers&quot;,&quot;order&quot;:46,&quot;name&quot;:&quot;ResponseHeaders&quot;,&quot;defaultVisibleName&quot;:&quot;Response Headers&quot;,&quot;visibleName&quot;:&quot;Response Headers&quot;,&quot;preferredWidth&quot;:150,&quot;readonly&quot;:true,&quot;visible&quot;:false,&quot;description&quot;:&quot;The status line and associated headers.&quot;}]"/>
  <entry key="tagfilters" value="{}"/>
  <entry key="updateonstartup" value="true"/>
</map>
